<?xml version="1.0" encoding="UTF-8"?>
<config xmlns="http://www.knime.org/2008/09/XMLConfig" xmlns:xsi="http://www.w3.org/2001/XMLSchema-instance" xsi:schemaLocation="http://www.knime.org/2008/09/XMLConfig http://www.knime.org/XMLConfig_2008_09.xsd" key="model.xml">
<entry key="version" type="xint" value="1"/>
<entry key="class_name" type="xstring" value="org.knime.ext.textprocessing.data.DocumentVectorPortObjectSpec"/>
<config key="model">
<entry key="ignoreTags" type="xboolean" value="true"/>
<entry key="bitVector" type="xboolean" value="false"/>
<entry key="vectorValue" type="xstring" value="TF-IDF-ICF"/>
<entry key="asCollectionCell" type="xboolean" value="false"/>
<config key="featureSpaceColumns">
<entry key="array-size" type="xint" value="2"/>
<entry key="0" type="xstring" value="bolsonar"/>
<entry key="1" type="xstring" value="agricultur"/>
</config>
</config>
</config>
