<?xml version="1.0" encoding="UTF-8"?>
<config xmlns="http://www.knime.org/2008/09/XMLConfig" xmlns:xsi="http://www.w3.org/2001/XMLSchema-instance" xsi:schemaLocation="http://www.knime.org/2008/09/XMLConfig http://www.knime.org/XMLConfig_2008_09.xsd" key="model.xml">
<entry key="version" type="xint" value="1"/>
<entry key="class_name" type="xstring" value="org.knime.twitter.api.data.TwitterApiConnectionPortObjectSpec"/>
<config key="model">
<entry key="consumerKey" type="xstring" value="gS6Y2rtNyyfITkisvU0pOeYrL"/>
<entry key="consumerSecret" type="xstring" value="lX4oASrX97vb8n46kRpnQ6QqJwxBRWknWTFWai0hfhnoVsFQWl"/>
<entry key="accessToken" type="xstring" value="146989862-qY4niSCU7QK8ICuGCD5lag8paoWMRH1uCQc5Okom"/>
<entry key="accessTokenSecret" type="xstring" value="bLCX9xNSDXOef3J3DDyADsZyWNQzEyyG1GB7XALdbAlO5"/>
</config>
</config>
